/*
Navicat MySQL Data Transfer

Source Server         : localhost
Source Server Version : 50505
Source Host           : localhost:3306
Source Database       : cms_qlsite

Target Server Type    : MYSQL
Target Server Version : 50505
File Encoding         : 65001

Date: 2020-08-04 11:26:02
*/

SET FOREIGN_KEY_CHECKS=0;

-- ----------------------------
-- Table structure for tbl_album
-- ----------------------------
DROP TABLE IF EXISTS `tbl_album`;
CREATE TABLE `tbl_album` (
  `id` int(11) NOT NULL AUTO_INCREMENT,
  `title` varchar(255) DEFAULT NULL,
  `code` varchar(255) DEFAULT NULL,
  `intro` text CHARACTER SET utf8 COLLATE utf8_unicode_ci,
  `image` varchar(255) DEFAULT NULL,
  `meta_title` varchar(255) DEFAULT NULL,
  `meta_desc` text,
  `isactive` tinyint(4) DEFAULT '1',
  PRIMARY KEY (`id`)
) ENGINE=InnoDB AUTO_INCREMENT=3 DEFAULT CHARSET=utf8;

-- ----------------------------
-- Records of tbl_album
-- ----------------------------
INSERT INTO `tbl_album` VALUES ('1', 'Album 1', 'album-1', 'Album 1', '', 'Album 1', 'Album 1', '1');
INSERT INTO `tbl_album` VALUES ('2', 'Album 2', 'album-2', 'Album 2', '', 'Album 2', 'Album 2', '1');

-- ----------------------------
-- Table structure for tbl_categories
-- ----------------------------
DROP TABLE IF EXISTS `tbl_categories`;
CREATE TABLE `tbl_categories` (
  `id` int(11) NOT NULL AUTO_INCREMENT,
  `par_id` int(11) DEFAULT NULL,
  `site_id` int(11) DEFAULT NULL,
  `title` varchar(255) DEFAULT NULL,
  `alias` varchar(255) DEFAULT NULL,
  `intro` text CHARACTER SET utf8 COLLATE utf8_unicode_ci,
  `path` varchar(255) DEFAULT NULL,
  `image` varchar(255) DEFAULT NULL,
  `meta_title` varchar(255) DEFAULT NULL,
  `meta_desc` text,
  `isactive` tinyint(4) DEFAULT '1',
  PRIMARY KEY (`id`)
) ENGINE=InnoDB AUTO_INCREMENT=14 DEFAULT CHARSET=utf8;

-- ----------------------------
-- Records of tbl_categories
-- ----------------------------
INSERT INTO `tbl_categories` VALUES ('1', '0', '1', 'Nhóm 1', 'nhom-1', '', '1', 'medias/categories/anh-ly-cafe-buoi-sang_110730596_9dw.jpg', '', '', '1');
INSERT INTO `tbl_categories` VALUES ('2', '0', '1', 'Nhóm 2', 'nhom-2', null, '2', null, null, null, '1');
INSERT INTO `tbl_categories` VALUES ('3', '2', '1', 'Nhóm 3', 'nhom-3', null, '2_3', '', '', '', '1');
INSERT INTO `tbl_categories` VALUES ('4', '3', '1', 'Nhóm 4', 'nhom-4', null, '2_3_4', '', 'Hehe', 'Haha', '1');
INSERT INTO `tbl_categories` VALUES ('5', '0', '3', 'Nhóm 5', 'nhom-5', null, '5', null, null, null, '1');
INSERT INTO `tbl_categories` VALUES ('6', '5', '3', 'Chào buổi sáng', 'chao-buoi-sang', 'Chào buổi sáng', '5_6', '', 'Chào buổi sáng', 'Chào buổi sáng', '1');
INSERT INTO `tbl_categories` VALUES ('7', '0', '0', 'tranviethiepdz@gmail.com', 'tranviethiepdzgmailcom', '', '7', null, null, null, '1');
INSERT INTO `tbl_categories` VALUES ('8', '0', '0', 'tranviethiepdz@gmail.com', 'tranviethiepdzgmailcom', '', '8', null, null, null, '1');
INSERT INTO `tbl_categories` VALUES ('9', '0', '0', 'tranviethiepdz@gmail.com', 'tranviethiepdzgmailcom', '', '9', null, null, null, '1');
INSERT INTO `tbl_categories` VALUES ('10', '0', '0', 'tranviethiepdz@gmail.com', 'tranviethiepdzgmailcom', '', '10', null, null, null, '1');
INSERT INTO `tbl_categories` VALUES ('11', '0', '0', 'tranviethiepdz@gmail.com', 'tranviethiepdzgmailcom', '', '11', null, null, null, '1');
INSERT INTO `tbl_categories` VALUES ('12', '0', '0', 'tranviethiepdz@gmail.com', 'tranviethiepdzgmailcom', '', '12', null, null, null, '1');
INSERT INTO `tbl_categories` VALUES ('13', '0', '0', 'tranviethiepdz@gmail.com', 'tranviethiepdzgmailcom', '', '13', null, null, null, '1');

-- ----------------------------
-- Table structure for tbl_configsite
-- ----------------------------
DROP TABLE IF EXISTS `tbl_configsite`;
CREATE TABLE `tbl_configsite` (
  `config_id` int(11) NOT NULL AUTO_INCREMENT,
  `tem_id` int(11) DEFAULT NULL,
  `company_name` varchar(255) COLLATE utf8_unicode_ci DEFAULT NULL,
  `title` varchar(255) COLLATE utf8_unicode_ci NOT NULL,
  `intro` longtext COLLATE utf8_unicode_ci,
  `address` varchar(255) COLLATE utf8_unicode_ci DEFAULT NULL,
  `phone` varchar(50) COLLATE utf8_unicode_ci DEFAULT NULL,
  `tel` varchar(120) COLLATE utf8_unicode_ci NOT NULL,
  `fax` varchar(50) COLLATE utf8_unicode_ci DEFAULT NULL,
  `email` varchar(50) COLLATE utf8_unicode_ci DEFAULT NULL,
  `notification` int(11) DEFAULT NULL,
  `work_time` varchar(255) COLLATE utf8_unicode_ci DEFAULT NULL,
  `website` varchar(50) COLLATE utf8_unicode_ci DEFAULT NULL,
  `banner` varchar(50) COLLATE utf8_unicode_ci DEFAULT NULL,
  `logo` text COLLATE utf8_unicode_ci,
  `meta_keyword` longtext COLLATE utf8_unicode_ci,
  `meta_descript` longtext COLLATE utf8_unicode_ci,
  `lang_id` int(11) NOT NULL DEFAULT '0',
  `contact` text COLLATE utf8_unicode_ci NOT NULL,
  `footer` text COLLATE utf8_unicode_ci NOT NULL,
  `nick_yahoo` varchar(100) COLLATE utf8_unicode_ci NOT NULL,
  `name_yahoo` varchar(100) COLLATE utf8_unicode_ci NOT NULL,
  `skype1` varchar(70) COLLATE utf8_unicode_ci NOT NULL,
  `skype2` varchar(70) COLLATE utf8_unicode_ci NOT NULL,
  `twitter` varchar(250) COLLATE utf8_unicode_ci NOT NULL,
  `gplus` varchar(250) COLLATE utf8_unicode_ci NOT NULL,
  `facebook` varchar(250) COLLATE utf8_unicode_ci NOT NULL,
  `youtube` varchar(250) COLLATE utf8_unicode_ci NOT NULL,
  `email_notification` int(11) DEFAULT NULL,
  `sms_notification` int(11) DEFAULT NULL,
  PRIMARY KEY (`config_id`)
) ENGINE=InnoDB AUTO_INCREMENT=2 DEFAULT CHARSET=utf8 COLLATE=utf8_unicode_ci;

-- ----------------------------
-- Records of tbl_configsite
-- ----------------------------
INSERT INTO `tbl_configsite` VALUES ('1', '0', '', 'ClassHub', '', 'Văn phòng 5g Media Kim Mã - Hà Nội', '096.954.9903', '096.954.9903  |  096.954.9903', '', 'tranviethiepdz@gmail.com', '5', '8:00 - 17:30, Thứ Hai - Chủ Nhật', '', '', '', 'classhub, họp online, họp trực tuyến, meeting online', 'ClassHub - phần mềm họp trực tuyến', '0', '', '', '', '', '', '', 'https://twitter.com/', 'https://plus.google.com/?hl=vi', 'https://www.facebook.com/', 'https://www.youtube.com/', null, null);

-- ----------------------------
-- Table structure for tbl_content
-- ----------------------------
DROP TABLE IF EXISTS `tbl_content`;
CREATE TABLE `tbl_content` (
  `id` int(11) NOT NULL AUTO_INCREMENT,
  `cat_id` int(11) DEFAULT NULL,
  `album_id` int(11) DEFAULT NULL,
  `event_id` int(11) DEFAULT NULL,
  `title` varchar(255) CHARACTER SET utf8 COLLATE utf8_unicode_ci DEFAULT '',
  `alias` varchar(255) CHARACTER SET utf8 COLLATE utf8_unicode_ci DEFAULT '',
  `sapo` text CHARACTER SET utf8 COLLATE utf8_unicode_ci,
  `images` varchar(255) CHARACTER SET utf8 COLLATE utf8_unicode_ci DEFAULT '',
  `fulltext` longtext CHARACTER SET utf8 COLLATE utf8_unicode_ci,
  `type` varchar(10) CHARACTER SET utf8 COLLATE utf8_unicode_ci DEFAULT '',
  `note` text CHARACTER SET utf8 COLLATE utf8_unicode_ci,
  `author` varchar(255) DEFAULT NULL,
  `cdate` int(11) DEFAULT NULL,
  `mdate` int(11) DEFAULT NULL,
  `pdate` int(11) DEFAULT NULL,
  `visited` int(11) DEFAULT NULL,
  `liked` int(11) DEFAULT NULL,
  `status` tinyint(4) DEFAULT '0',
  `is_trash` tinyint(4) DEFAULT NULL,
  PRIMARY KEY (`id`)
) ENGINE=InnoDB AUTO_INCREMENT=45 DEFAULT CHARSET=utf8;

-- ----------------------------
-- Records of tbl_content
-- ----------------------------
INSERT INTO `tbl_content` VALUES ('1', '1', '2', '1', 'Phòng công nghệ', 'phong-cong-nghe', 'Phòng công nghệ', 'medias/contents/85071760_4314014725313621_5466580923480801280_n.jpg', '[]', '4', 'Phòng công nghệ', 'nxtuyen.pro@gmail.com', '1590404033', '1590404281', null, null, null, '0', null);
INSERT INTO `tbl_content` VALUES ('2', '4', '3', '2', 'Team công nghệ', 'team-cong-nghe', '<p>Team công nghệ<br></p>', 'medias/contents/85071760_4314014725313621_5466580923480801280_n.jpg', '[]', '1', 'Team công nghệ', 'tranviethiepdz@gmail.com', null, null, null, null, null, '0', null);
INSERT INTO `tbl_content` VALUES ('3', '3', '1', '1', 'Tin tức dịch bệnh corona ( Covid-19 ) sáng 14/6 Thêm 1 ca mắc virus corona mới, tổng số 334 ca bệnh', 'tin-tuc-dich-benh-corona-covid-19-sang-146-them-1-ca-mac-virus-corona-moi-tong-so-334-ca-benh', '<p><span style=\"color: rgb(3, 3, 3); font-family: Roboto, Arial, sans-serif; white-space: pre-wrap; background-color: rgb(249, 249, 249);\">Tin tức dịch bệnh corona ( Covid-19 ) sáng 14/6 gồm những nội dung chính sau:\r\n- Trung Quốc phong tỏa một phần Bắc Kinh vì phát hiện ổ dịch mới  \r\n- Pháp lên kế hoạch mở cửa biên giới với các nước ngoài Schengen  \r\n- WHO quan ngại về tình hình covid-19 tại nhiều nước\r\n- Bắc Kinh - điểm nóng mới về nguy cơ tái bùng phạt dịch covid-19\r\n- Đại dịch covid-19 \"bóp nghẹt\" lái xe công nghệ ở Đông Nam Á\r\n- Thêm 1 ca mắc covid-19 mới </span><br></p>', 'medias/contents/85071760_4314014725313621_5466580923480801280_n.jpg', '[]', '1', '', 'tranviethiepdz@gmail.com', '1592117719', null, null, null, null, '0', null);
INSERT INTO `tbl_content` VALUES ('4', '3', '1', '1', 'Tin tức dịch bệnh corona ( Covid-19 ) sáng 14/6 Thêm 1 ca mắc virus corona mới, tổng số 334 ca bệnh', 'tin-tuc-dich-benh-corona-covid-19-sang-146-them-1-ca-mac-virus-corona-moi-tong-so-334-ca-benh', 'Tin tức dịch bệnh corona ( Covid-19 ) sáng 14/6 gồm những nội dung chính sau: - Trung Quốc phong tỏa một phần Bắc Kinh vì phát hiện ổ dịch mới - Pháp lên kế hoạch mở cửa biên giới với các nước ngoài Schengen - WHO quan ngại về tình hình covid-19 tại nhiều nước - Bắc Kinh - điểm nóng mới về nguy cơ tái bùng phạt dịch covid-19 - Đại dịch covid-19 \"bóp nghẹt\" lái xe công nghệ ở Đông Nam Á - Thêm 1 ca mắc covid-19 mới\r\n\r\n', 'medias/contents/85071760_4314014725313621_5466580923480801280_n.jpg', '[]', '3', '', 'tranviethiepdz@gmail.com', '1592117719', '1592369440', null, null, null, '1', null);
INSERT INTO `tbl_content` VALUES ('5', '3', '1', '1', 'Tin tức dịch bệnh corona ( Covid-19 ) sáng 14/6 Thêm 1 ca mắc virus corona mới, tổng số 334 ca bệnh', 'tin-tuc-dich-benh-corona-covid-19-sang-146-them-1-ca-mac-virus-corona-moi-tong-so-334-ca-benh', '\r\nTin tức dịch bệnh corona ( Covid-19 ) sáng 14/6 gồm những nội dung chính sau: - Trung Quốc phong tỏa một phần Bắc Kinh vì phát hiện ổ dịch mới - Pháp lên kế hoạch mở cửa biên giới với các nước ngoài Schengen - WHO quan ngại về tình hình covid-19 tại nhiều nước - Bắc Kinh - điểm nóng mới về nguy cơ tái bùng phạt dịch covid-19 - Đại dịch covid-19 \"bóp nghẹt\" lái xe công nghệ ở Đông Nam Á - Thêm 1 ca mắc covid-19 mới\r\n\r\n', 'medias/contents/85071760_4314014725313621_5466580923480801280_n.jpg', '[]', '1', '', 'tranviethiepdz@gmail.com', '1592117719', null, null, null, null, '1', null);
INSERT INTO `tbl_content` VALUES ('6', '3', '1', '1', 'Tin tức dịch bệnh corona ( Covid-19 ) sáng 14/6 Thêm 1 ca mắc virus corona mới, tổng số 334 ca bệnh', 'tin-tuc-dich-benh-corona-covid-19-sang-146-them-1-ca-mac-virus-corona-moi-tong-so-334-ca-benh', '\r\nTin tức dịch bệnh corona ( Covid-19 ) sáng 14/6 gồm những nội dung chính sau: - Trung Quốc phong tỏa một phần Bắc Kinh vì phát hiện ổ dịch mới - Pháp lên kế hoạch mở cửa biên giới với các nước ngoài Schengen - WHO quan ngại về tình hình covid-19 tại nhiều nước - Bắc Kinh - điểm nóng mới về nguy cơ tái bùng phạt dịch covid-19 - Đại dịch covid-19 \"bóp nghẹt\" lái xe công nghệ ở Đông Nam Á - Thêm 1 ca mắc covid-19 mới\r\n\r\n', 'medias/contents/85071760_4314014725313621_5466580923480801280_n.jpg', '[]', '1', '', 'tranviethiepdz@gmail.com', '1592117719', null, null, null, null, '1', null);
INSERT INTO `tbl_content` VALUES ('7', '3', '1', '1', 'Tin tức dịch bệnh corona ( Covid-19 ) sáng 14/6 Thêm 1 ca mắc virus corona mới, tổng số 334 ca bệnh', 'tin-tuc-dich-benh-corona-covid-19-sang-146-them-1-ca-mac-virus-corona-moi-tong-so-334-ca-benh', '\r\nTin tức dịch bệnh corona ( Covid-19 ) sáng 14/6 gồm những nội dung chính sau: - Trung Quốc phong tỏa một phần Bắc Kinh vì phát hiện ổ dịch mới - Pháp lên kế hoạch mở cửa biên giới với các nước ngoài Schengen - WHO quan ngại về tình hình covid-19 tại nhiều nước - Bắc Kinh - điểm nóng mới về nguy cơ tái bùng phạt dịch covid-19 - Đại dịch covid-19 \"bóp nghẹt\" lái xe công nghệ ở Đông Nam Á - Thêm 1 ca mắc covid-19 mới\r\n\r\n', 'medias/contents/85071760_4314014725313621_5466580923480801280_n.jpg', '[]', '1', '', 'tranviethiepdz@gmail.com', '1592117719', null, null, null, null, '1', null);
INSERT INTO `tbl_content` VALUES ('8', '3', '1', '1', 'Tin tức dịch bệnh corona ( Covid-19 ) sáng 14/6 Thêm 1 ca mắc virus corona mới, tổng số 334 ca bệnh', 'tin-tuc-dich-benh-corona-covid-19-sang-146-them-1-ca-mac-virus-corona-moi-tong-so-334-ca-benh', '\r\nTin tức dịch bệnh corona ( Covid-19 ) sáng 14/6 gồm những nội dung chính sau: - Trung Quốc phong tỏa một phần Bắc Kinh vì phát hiện ổ dịch mới - Pháp lên kế hoạch mở cửa biên giới với các nước ngoài Schengen - WHO quan ngại về tình hình covid-19 tại nhiều nước - Bắc Kinh - điểm nóng mới về nguy cơ tái bùng phạt dịch covid-19 - Đại dịch covid-19 \"bóp nghẹt\" lái xe công nghệ ở Đông Nam Á - Thêm 1 ca mắc covid-19 mới\r\n\r\n', 'medias/contents/85071760_4314014725313621_5466580923480801280_n.jpg', '[]', '1', '', 'tranviethiepdz@gmail.com', '1592117719', null, null, null, null, '1', null);
INSERT INTO `tbl_content` VALUES ('9', '3', '1', '1', 'Tin tức dịch bệnh corona ( Covid-19 ) sáng 14/6 Thêm 1 ca mắc virus corona mới, tổng số 334 ca bệnh', 'tin-tuc-dich-benh-corona-covid-19-sang-146-them-1-ca-mac-virus-corona-moi-tong-so-334-ca-benh', '\r\nTin tức dịch bệnh corona ( Covid-19 ) sáng 14/6 gồm những nội dung chính sau: - Trung Quốc phong tỏa một phần Bắc Kinh vì phát hiện ổ dịch mới - Pháp lên kế hoạch mở cửa biên giới với các nước ngoài Schengen - WHO quan ngại về tình hình covid-19 tại nhiều nước - Bắc Kinh - điểm nóng mới về nguy cơ tái bùng phạt dịch covid-19 - Đại dịch covid-19 \"bóp nghẹt\" lái xe công nghệ ở Đông Nam Á - Thêm 1 ca mắc covid-19 mới\r\n\r\n', 'medias/contents/85071760_4314014725313621_5466580923480801280_n.jpg', '[]', '1', '', 'nxtuyen.pro@gmail.com', '1592117719', null, null, null, null, '2', null);
INSERT INTO `tbl_content` VALUES ('10', '3', '1', '1', 'Tin tức dịch bệnh corona ( Covid-19 ) sáng 14/6 Thêm 1 ca mắc virus corona mới, tổng số 334 ca bệnh', 'tin-tuc-dich-benh-corona-covid-19-sang-146-them-1-ca-mac-virus-corona-moi-tong-so-334-ca-benh', '\r\nTin tức dịch bệnh corona ( Covid-19 ) sáng 14/6 gồm những nội dung chính sau: - Trung Quốc phong tỏa một phần Bắc Kinh vì phát hiện ổ dịch mới - Pháp lên kế hoạch mở cửa biên giới với các nước ngoài Schengen - WHO quan ngại về tình hình covid-19 tại nhiều nước - Bắc Kinh - điểm nóng mới về nguy cơ tái bùng phạt dịch covid-19 - Đại dịch covid-19 \"bóp nghẹt\" lái xe công nghệ ở Đông Nam Á - Thêm 1 ca mắc covid-19 mới\r\n\r\n', 'medias/contents/85071760_4314014725313621_5466580923480801280_n.jpg', '[]', '1', '', 'nxtuyen.pro@gmail.com', '1592117719', null, null, null, null, '2', null);
INSERT INTO `tbl_content` VALUES ('11', '3', '1', '1', 'Tin tức dịch bệnh corona ( Covid-19 ) sáng 14/6 Thêm 1 ca mắc virus corona mới, tổng số 334 ca bệnh', 'tin-tuc-dich-benh-corona-covid-19-sang-146-them-1-ca-mac-virus-corona-moi-tong-so-334-ca-benh', '\r\nTin tức dịch bệnh corona ( Covid-19 ) sáng 14/6 gồm những nội dung chính sau: - Trung Quốc phong tỏa một phần Bắc Kinh vì phát hiện ổ dịch mới - Pháp lên kế hoạch mở cửa biên giới với các nước ngoài Schengen - WHO quan ngại về tình hình covid-19 tại nhiều nước - Bắc Kinh - điểm nóng mới về nguy cơ tái bùng phạt dịch covid-19 - Đại dịch covid-19 \"bóp nghẹt\" lái xe công nghệ ở Đông Nam Á - Thêm 1 ca mắc covid-19 mới\r\n\r\n', 'medias/contents/85071760_4314014725313621_5466580923480801280_n.jpg', '[]', '1', '', 'nxtuyen.pro@gmail.com', '1592117719', null, null, null, null, '2', null);
INSERT INTO `tbl_content` VALUES ('12', '3', '1', '1', 'Tin tức dịch bệnh corona ( Covid-19 ) sáng 14/6 Thêm 1 ca mắc virus corona mới, tổng số 334 ca bệnh', 'tin-tuc-dich-benh-corona-covid-19-sang-146-them-1-ca-mac-virus-corona-moi-tong-so-334-ca-benh', '\r\nTin tức dịch bệnh corona ( Covid-19 ) sáng 14/6 gồm những nội dung chính sau: - Trung Quốc phong tỏa một phần Bắc Kinh vì phát hiện ổ dịch mới - Pháp lên kế hoạch mở cửa biên giới với các nước ngoài Schengen - WHO quan ngại về tình hình covid-19 tại nhiều nước - Bắc Kinh - điểm nóng mới về nguy cơ tái bùng phạt dịch covid-19 - Đại dịch covid-19 \"bóp nghẹt\" lái xe công nghệ ở Đông Nam Á - Thêm 1 ca mắc covid-19 mới\r\n\r\n', 'medias/contents/85071760_4314014725313621_5466580923480801280_n.jpg', '[]', '1', '', 'nxtuyen.pro@gmail.com', '1592117719', null, null, null, null, '2', null);
INSERT INTO `tbl_content` VALUES ('13', '3', '1', '1', 'Tin tức dịch bệnh corona ( Covid-19 ) sáng 14/6 Thêm 1 ca mắc virus corona mới, tổng số 334 ca bệnh', 'tin-tuc-dich-benh-corona-covid-19-sang-146-them-1-ca-mac-virus-corona-moi-tong-so-334-ca-benh', '\r\nTin tức dịch bệnh corona ( Covid-19 ) sáng 14/6 gồm những nội dung chính sau: - Trung Quốc phong tỏa một phần Bắc Kinh vì phát hiện ổ dịch mới - Pháp lên kế hoạch mở cửa biên giới với các nước ngoài Schengen - WHO quan ngại về tình hình covid-19 tại nhiều nước - Bắc Kinh - điểm nóng mới về nguy cơ tái bùng phạt dịch covid-19 - Đại dịch covid-19 \"bóp nghẹt\" lái xe công nghệ ở Đông Nam Á - Thêm 1 ca mắc covid-19 mới\r\n\r\n', 'medias/contents/85071760_4314014725313621_5466580923480801280_n.jpg', '[]', '1', '', 'nxtuyen.pro@gmail.com', '1592117719', null, null, null, null, '2', null);
INSERT INTO `tbl_content` VALUES ('14', '3', '1', '1', 'Tin tức dịch bệnh corona ( Covid-19 ) sáng 14/6 Thêm 1 ca mắc virus corona mới, tổng số 334 ca bệnh', 'tin-tuc-dich-benh-corona-covid-19-sang-146-them-1-ca-mac-virus-corona-moi-tong-so-334-ca-benh', '\r\nTin tức dịch bệnh corona ( Covid-19 ) sáng 14/6 gồm những nội dung chính sau: - Trung Quốc phong tỏa một phần Bắc Kinh vì phát hiện ổ dịch mới - Pháp lên kế hoạch mở cửa biên giới với các nước ngoài Schengen - WHO quan ngại về tình hình covid-19 tại nhiều nước - Bắc Kinh - điểm nóng mới về nguy cơ tái bùng phạt dịch covid-19 - Đại dịch covid-19 \"bóp nghẹt\" lái xe công nghệ ở Đông Nam Á - Thêm 1 ca mắc covid-19 mới\r\n\r\n', 'medias/contents/85071760_4314014725313621_5466580923480801280_n.jpg', '[]', '1', '', 'nxtuyen.pro@gmail.com', '1592117719', null, null, null, null, '3', null);
INSERT INTO `tbl_content` VALUES ('15', '3', '1', '1', 'Tin tức dịch bệnh corona ( Covid-19 ) sáng 14/6 Thêm 1 ca mắc virus corona mới, tổng số 334 ca bệnh', 'tin-tuc-dich-benh-corona-covid-19-sang-146-them-1-ca-mac-virus-corona-moi-tong-so-334-ca-benh', '\r\nTin tức dịch bệnh corona ( Covid-19 ) sáng 14/6 gồm những nội dung chính sau: - Trung Quốc phong tỏa một phần Bắc Kinh vì phát hiện ổ dịch mới - Pháp lên kế hoạch mở cửa biên giới với các nước ngoài Schengen - WHO quan ngại về tình hình covid-19 tại nhiều nước - Bắc Kinh - điểm nóng mới về nguy cơ tái bùng phạt dịch covid-19 - Đại dịch covid-19 \"bóp nghẹt\" lái xe công nghệ ở Đông Nam Á - Thêm 1 ca mắc covid-19 mới\r\n\r\n', 'medias/contents/85071760_4314014725313621_5466580923480801280_n.jpg', '[]', '1', '', 'nxtuyen.pro@gmail.com', '1592117719', null, null, null, null, '3', null);
INSERT INTO `tbl_content` VALUES ('16', '3', '1', '1', 'Tin tức dịch bệnh corona ( Covid-19 ) sáng 14/6 Thêm 1 ca mắc virus corona mới, tổng số 334 ca bệnh', 'tin-tuc-dich-benh-corona-covid-19-sang-146-them-1-ca-mac-virus-corona-moi-tong-so-334-ca-benh', '\r\nTin tức dịch bệnh corona ( Covid-19 ) sáng 14/6 gồm những nội dung chính sau: - Trung Quốc phong tỏa một phần Bắc Kinh vì phát hiện ổ dịch mới - Pháp lên kế hoạch mở cửa biên giới với các nước ngoài Schengen - WHO quan ngại về tình hình covid-19 tại nhiều nước - Bắc Kinh - điểm nóng mới về nguy cơ tái bùng phạt dịch covid-19 - Đại dịch covid-19 \"bóp nghẹt\" lái xe công nghệ ở Đông Nam Á - Thêm 1 ca mắc covid-19 mới\r\n\r\n', 'medias/contents/85071760_4314014725313621_5466580923480801280_n.jpg', '[]', '1', '', 'nxtuyen.pro@gmail.com', '1592117719', null, null, null, null, '3', null);
INSERT INTO `tbl_content` VALUES ('17', '3', '1', '1', 'Tin tức dịch bệnh corona ( Covid-19 ) sáng 14/6 Thêm 1 ca mắc virus corona mới, tổng số 334 ca bệnh', 'tin-tuc-dich-benh-corona-covid-19-sang-146-them-1-ca-mac-virus-corona-moi-tong-so-334-ca-benh', '\r\nTin tức dịch bệnh corona ( Covid-19 ) sáng 14/6 gồm những nội dung chính sau: - Trung Quốc phong tỏa một phần Bắc Kinh vì phát hiện ổ dịch mới - Pháp lên kế hoạch mở cửa biên giới với các nước ngoài Schengen - WHO quan ngại về tình hình covid-19 tại nhiều nước - Bắc Kinh - điểm nóng mới về nguy cơ tái bùng phạt dịch covid-19 - Đại dịch covid-19 \"bóp nghẹt\" lái xe công nghệ ở Đông Nam Á - Thêm 1 ca mắc covid-19 mới\r\n\r\n', 'medias/contents/85071760_4314014725313621_5466580923480801280_n.jpg', '[]', '1', '', 'nxtuyen.pro@gmail.com', '1592117719', null, null, null, null, '3', null);
INSERT INTO `tbl_content` VALUES ('18', '3', '1', '1', 'Tin tức dịch bệnh corona ( Covid-19 ) sáng 14/6 Thêm 1 ca mắc virus corona mới, tổng số 334 ca bệnh', 'tin-tuc-dich-benh-corona-covid-19-sang-146-them-1-ca-mac-virus-corona-moi-tong-so-334-ca-benh', '\r\nTin tức dịch bệnh corona ( Covid-19 ) sáng 14/6 gồm những nội dung chính sau: - Trung Quốc phong tỏa một phần Bắc Kinh vì phát hiện ổ dịch mới - Pháp lên kế hoạch mở cửa biên giới với các nước ngoài Schengen - WHO quan ngại về tình hình covid-19 tại nhiều nước - Bắc Kinh - điểm nóng mới về nguy cơ tái bùng phạt dịch covid-19 - Đại dịch covid-19 \"bóp nghẹt\" lái xe công nghệ ở Đông Nam Á - Thêm 1 ca mắc covid-19 mới\r\n\r\n', 'medias/contents/85071760_4314014725313621_5466580923480801280_n.jpg', '[]', '1', '', 'nxtuyen.pro@gmail.com', '1592117719', null, null, null, null, '3', null);
INSERT INTO `tbl_content` VALUES ('19', '3', '1', '1', 'Tin tức dịch bệnh corona ( Covid-19 ) sáng 14/6 Thêm 1 ca mắc virus corona mới, tổng số 334 ca bệnh', 'tin-tuc-dich-benh-corona-covid-19-sang-146-them-1-ca-mac-virus-corona-moi-tong-so-334-ca-benh', '\r\nTin tức dịch bệnh corona ( Covid-19 ) sáng 14/6 gồm những nội dung chính sau: - Trung Quốc phong tỏa một phần Bắc Kinh vì phát hiện ổ dịch mới - Pháp lên kế hoạch mở cửa biên giới với các nước ngoài Schengen - WHO quan ngại về tình hình covid-19 tại nhiều nước - Bắc Kinh - điểm nóng mới về nguy cơ tái bùng phạt dịch covid-19 - Đại dịch covid-19 \"bóp nghẹt\" lái xe công nghệ ở Đông Nam Á - Thêm 1 ca mắc covid-19 mới\r\n\r\n', 'medias/contents/85071760_4314014725313621_5466580923480801280_n.jpg', '[]', '1', '', 'nxtuyen.pro@gmail.com', '1592117719', null, null, null, null, '4', null);
INSERT INTO `tbl_content` VALUES ('20', '3', '1', '1', 'Tin tức dịch bệnh corona ( Covid-19 ) sáng 14/6 Thêm 1 ca mắc virus corona mới, tổng số 334 ca bệnh', 'tin-tuc-dich-benh-corona-covid-19-sang-146-them-1-ca-mac-virus-corona-moi-tong-so-334-ca-benh', '\r\nTin tức dịch bệnh corona ( Covid-19 ) sáng 14/6 gồm những nội dung chính sau: - Trung Quốc phong tỏa một phần Bắc Kinh vì phát hiện ổ dịch mới - Pháp lên kế hoạch mở cửa biên giới với các nước ngoài Schengen - WHO quan ngại về tình hình covid-19 tại nhiều nước - Bắc Kinh - điểm nóng mới về nguy cơ tái bùng phạt dịch covid-19 - Đại dịch covid-19 \"bóp nghẹt\" lái xe công nghệ ở Đông Nam Á - Thêm 1 ca mắc covid-19 mới\r\n\r\n', 'medias/contents/85071760_4314014725313621_5466580923480801280_n.jpg', '[]', '1', '', 'nxtuyen.pro@gmail.com', '1592117719', null, null, null, null, '4', null);
INSERT INTO `tbl_content` VALUES ('21', '3', '1', '1', 'Tin tức dịch bệnh corona ( Covid-19 ) sáng 14/6 Thêm 1 ca mắc virus corona mới, tổng số 334 ca bệnh', 'tin-tuc-dich-benh-corona-covid-19-sang-146-them-1-ca-mac-virus-corona-moi-tong-so-334-ca-benh', '\r\nTin tức dịch bệnh corona ( Covid-19 ) sáng 14/6 gồm những nội dung chính sau: - Trung Quốc phong tỏa một phần Bắc Kinh vì phát hiện ổ dịch mới - Pháp lên kế hoạch mở cửa biên giới với các nước ngoài Schengen - WHO quan ngại về tình hình covid-19 tại nhiều nước - Bắc Kinh - điểm nóng mới về nguy cơ tái bùng phạt dịch covid-19 - Đại dịch covid-19 \"bóp nghẹt\" lái xe công nghệ ở Đông Nam Á - Thêm 1 ca mắc covid-19 mới\r\n\r\n', 'medias/contents/85071760_4314014725313621_5466580923480801280_n.jpg', '[]', '1', '', 'nxtuyen.pro@gmail.com', '1592117719', null, null, null, null, '4', null);
INSERT INTO `tbl_content` VALUES ('22', '3', '1', '1', 'Tin tức dịch bệnh corona ( Covid-19 ) sáng 14/6 Thêm 1 ca mắc virus corona mới, tổng số 334 ca bệnh', 'tin-tuc-dich-benh-corona-covid-19-sang-146-them-1-ca-mac-virus-corona-moi-tong-so-334-ca-benh', '\r\nTin tức dịch bệnh corona ( Covid-19 ) sáng 14/6 gồm những nội dung chính sau: - Trung Quốc phong tỏa một phần Bắc Kinh vì phát hiện ổ dịch mới - Pháp lên kế hoạch mở cửa biên giới với các nước ngoài Schengen - WHO quan ngại về tình hình covid-19 tại nhiều nước - Bắc Kinh - điểm nóng mới về nguy cơ tái bùng phạt dịch covid-19 - Đại dịch covid-19 \"bóp nghẹt\" lái xe công nghệ ở Đông Nam Á - Thêm 1 ca mắc covid-19 mới\r\n\r\n', 'medias/contents/85071760_4314014725313621_5466580923480801280_n.jpg', '[]', '1', '', 'nxtuyen.pro@gmail.com', '1592117719', null, null, null, null, '4', null);
INSERT INTO `tbl_content` VALUES ('23', '3', '1', '1', 'Tin tức dịch bệnh corona ( Covid-19 ) sáng 14/6 Thêm 1 ca mắc virus corona mới, tổng số 334 ca bệnh', 'tin-tuc-dich-benh-corona-covid-19-sang-146-them-1-ca-mac-virus-corona-moi-tong-so-334-ca-benh', '\r\nTin tức dịch bệnh corona ( Covid-19 ) sáng 14/6 gồm những nội dung chính sau: - Trung Quốc phong tỏa một phần Bắc Kinh vì phát hiện ổ dịch mới - Pháp lên kế hoạch mở cửa biên giới với các nước ngoài Schengen - WHO quan ngại về tình hình covid-19 tại nhiều nước - Bắc Kinh - điểm nóng mới về nguy cơ tái bùng phạt dịch covid-19 - Đại dịch covid-19 \"bóp nghẹt\" lái xe công nghệ ở Đông Nam Á - Thêm 1 ca mắc covid-19 mới\r\n\r\n', 'medias/contents/85071760_4314014725313621_5466580923480801280_n.jpg', '[]', '1', '', 'nxtuyen.pro@gmail.com', '1592117719', null, null, null, null, '4', null);
INSERT INTO `tbl_content` VALUES ('24', '3', '1', '1', 'Tin tức dịch bệnh corona ( Covid-19 ) sáng 14/6 Thêm 1 ca mắc virus corona mới, tổng số 334 ca bệnh', 'tin-tuc-dich-benh-corona-covid-19-sang-146-them-1-ca-mac-virus-corona-moi-tong-so-334-ca-benh', '\r\nTin tức dịch bệnh corona ( Covid-19 ) sáng 14/6 gồm những nội dung chính sau: - Trung Quốc phong tỏa một phần Bắc Kinh vì phát hiện ổ dịch mới - Pháp lên kế hoạch mở cửa biên giới với các nước ngoài Schengen - WHO quan ngại về tình hình covid-19 tại nhiều nước - Bắc Kinh - điểm nóng mới về nguy cơ tái bùng phạt dịch covid-19 - Đại dịch covid-19 \"bóp nghẹt\" lái xe công nghệ ở Đông Nam Á - Thêm 1 ca mắc covid-19 mới\r\n\r\n', 'medias/contents/85071760_4314014725313621_5466580923480801280_n.jpg', '[]', '1', '', 'nxtuyen.pro@gmail.com', '1592117719', null, null, null, null, '5', null);
INSERT INTO `tbl_content` VALUES ('25', '3', '1', '1', 'Tin tức dịch bệnh corona ( Covid-19 ) sáng 14/6 Thêm 1 ca mắc virus corona mới, tổng số 334 ca bệnh', 'tin-tuc-dich-benh-corona-covid-19-sang-146-them-1-ca-mac-virus-corona-moi-tong-so-334-ca-benh', '\r\nTin tức dịch bệnh corona ( Covid-19 ) sáng 14/6 gồm những nội dung chính sau: - Trung Quốc phong tỏa một phần Bắc Kinh vì phát hiện ổ dịch mới - Pháp lên kế hoạch mở cửa biên giới với các nước ngoài Schengen - WHO quan ngại về tình hình covid-19 tại nhiều nước - Bắc Kinh - điểm nóng mới về nguy cơ tái bùng phạt dịch covid-19 - Đại dịch covid-19 \"bóp nghẹt\" lái xe công nghệ ở Đông Nam Á - Thêm 1 ca mắc covid-19 mới\r\n\r\n', 'medias/contents/85071760_4314014725313621_5466580923480801280_n.jpg', '[]', '1', '', 'nxtuyen.pro@gmail.com', '1592117719', null, null, null, null, '5', null);
INSERT INTO `tbl_content` VALUES ('26', '3', '1', '1', 'Tin tức dịch bệnh corona ( Covid-19 ) sáng 14/6 Thêm 1 ca mắc virus corona mới, tổng số 334 ca bệnh', 'tin-tuc-dich-benh-corona-covid-19-sang-146-them-1-ca-mac-virus-corona-moi-tong-so-334-ca-benh', '\r\nTin tức dịch bệnh corona ( Covid-19 ) sáng 14/6 gồm những nội dung chính sau: - Trung Quốc phong tỏa một phần Bắc Kinh vì phát hiện ổ dịch mới - Pháp lên kế hoạch mở cửa biên giới với các nước ngoài Schengen - WHO quan ngại về tình hình covid-19 tại nhiều nước - Bắc Kinh - điểm nóng mới về nguy cơ tái bùng phạt dịch covid-19 - Đại dịch covid-19 \"bóp nghẹt\" lái xe công nghệ ở Đông Nam Á - Thêm 1 ca mắc covid-19 mới\r\n\r\n', 'medias/contents/85071760_4314014725313621_5466580923480801280_n.jpg', '[]', '1', '', 'nxtuyen.pro@gmail.com', '1592117719', null, null, null, null, '5', null);
INSERT INTO `tbl_content` VALUES ('27', '3', '1', '1', 'Tin tức dịch bệnh corona ( Covid-19 ) sáng 14/6 Thêm 1 ca mắc virus corona mới, tổng số 334 ca bệnh', 'tin-tuc-dich-benh-corona-covid-19-sang-146-them-1-ca-mac-virus-corona-moi-tong-so-334-ca-benh', '\r\nTin tức dịch bệnh corona ( Covid-19 ) sáng 14/6 gồm những nội dung chính sau: - Trung Quốc phong tỏa một phần Bắc Kinh vì phát hiện ổ dịch mới - Pháp lên kế hoạch mở cửa biên giới với các nước ngoài Schengen - WHO quan ngại về tình hình covid-19 tại nhiều nước - Bắc Kinh - điểm nóng mới về nguy cơ tái bùng phạt dịch covid-19 - Đại dịch covid-19 \"bóp nghẹt\" lái xe công nghệ ở Đông Nam Á - Thêm 1 ca mắc covid-19 mới\r\n\r\n', 'medias/contents/85071760_4314014725313621_5466580923480801280_n.jpg', '[]', '1', '', 'nxtuyen.pro@gmail.com', '1592117719', null, null, null, null, '5', null);
INSERT INTO `tbl_content` VALUES ('28', '3', '1', '1', 'Tin tức dịch bệnh corona ( Covid-19 ) sáng 14/6 Thêm 1 ca mắc virus corona mới, tổng số 334 ca bệnh', 'tin-tuc-dich-benh-corona-covid-19-sang-146-them-1-ca-mac-virus-corona-moi-tong-so-334-ca-benh', '\r\nTin tức dịch bệnh corona ( Covid-19 ) sáng 14/6 gồm những nội dung chính sau: - Trung Quốc phong tỏa một phần Bắc Kinh vì phát hiện ổ dịch mới - Pháp lên kế hoạch mở cửa biên giới với các nước ngoài Schengen - WHO quan ngại về tình hình covid-19 tại nhiều nước - Bắc Kinh - điểm nóng mới về nguy cơ tái bùng phạt dịch covid-19 - Đại dịch covid-19 \"bóp nghẹt\" lái xe công nghệ ở Đông Nam Á - Thêm 1 ca mắc covid-19 mới\r\n\r\n', 'medias/contents/85071760_4314014725313621_5466580923480801280_n.jpg', '[]', '1', '', 'nxtuyen.pro@gmail.com', '1592117719', null, null, null, null, '5', null);
INSERT INTO `tbl_content` VALUES ('29', '3', '1', '1', 'Tin tức dịch bệnh corona ( Covid-19 ) sáng 14/6 Thêm 1 ca mắc virus corona mới, tổng số 334 ca bệnh', 'tin-tuc-dich-benh-corona-covid-19-sang-146-them-1-ca-mac-virus-corona-moi-tong-so-334-ca-benh', '\r\nTin tức dịch bệnh corona ( Covid-19 ) sáng 14/6 gồm những nội dung chính sau: - Trung Quốc phong tỏa một phần Bắc Kinh vì phát hiện ổ dịch mới - Pháp lên kế hoạch mở cửa biên giới với các nước ngoài Schengen - WHO quan ngại về tình hình covid-19 tại nhiều nước - Bắc Kinh - điểm nóng mới về nguy cơ tái bùng phạt dịch covid-19 - Đại dịch covid-19 \"bóp nghẹt\" lái xe công nghệ ở Đông Nam Á - Thêm 1 ca mắc covid-19 mới\r\n\r\n', 'medias/contents/85071760_4314014725313621_5466580923480801280_n.jpg', '[]', '1', '', 'tranviethiepdz@gmail.com', '1592117719', null, null, null, null, '6', null);
INSERT INTO `tbl_content` VALUES ('30', '3', '1', '1', 'Tin tức dịch bệnh corona ( Covid-19 ) sáng 14/6 Thêm 1 ca mắc virus corona mới, tổng số 334 ca bệnh', 'tin-tuc-dich-benh-corona-covid-19-sang-146-them-1-ca-mac-virus-corona-moi-tong-so-334-ca-benh', '\r\nTin tức dịch bệnh corona ( Covid-19 ) sáng 14/6 gồm những nội dung chính sau: - Trung Quốc phong tỏa một phần Bắc Kinh vì phát hiện ổ dịch mới - Pháp lên kế hoạch mở cửa biên giới với các nước ngoài Schengen - WHO quan ngại về tình hình covid-19 tại nhiều nước - Bắc Kinh - điểm nóng mới về nguy cơ tái bùng phạt dịch covid-19 - Đại dịch covid-19 \"bóp nghẹt\" lái xe công nghệ ở Đông Nam Á - Thêm 1 ca mắc covid-19 mới\r\n\r\n', 'medias/contents/85071760_4314014725313621_5466580923480801280_n.jpg', '[]', '1', '', 'tranviethiepdz@gmail.com', '1592117719', null, null, null, null, '6', null);
INSERT INTO `tbl_content` VALUES ('31', '3', '1', '1', 'Tin tức dịch bệnh corona ( Covid-19 ) sáng 14/6 Thêm 1 ca mắc virus corona mới, tổng số 334 ca bệnh', 'tin-tuc-dich-benh-corona-covid-19-sang-146-them-1-ca-mac-virus-corona-moi-tong-so-334-ca-benh', '\r\nTin tức dịch bệnh corona ( Covid-19 ) sáng 14/6 gồm những nội dung chính sau: - Trung Quốc phong tỏa một phần Bắc Kinh vì phát hiện ổ dịch mới - Pháp lên kế hoạch mở cửa biên giới với các nước ngoài Schengen - WHO quan ngại về tình hình covid-19 tại nhiều nước - Bắc Kinh - điểm nóng mới về nguy cơ tái bùng phạt dịch covid-19 - Đại dịch covid-19 \"bóp nghẹt\" lái xe công nghệ ở Đông Nam Á - Thêm 1 ca mắc covid-19 mới\r\n\r\n', 'medias/contents/85071760_4314014725313621_5466580923480801280_n.jpg', '[]', '1', '', 'tranviethiepdz@gmail.com', '1592117719', null, null, null, null, '6', null);
INSERT INTO `tbl_content` VALUES ('32', '3', '1', '1', 'Tin tức dịch bệnh corona ( Covid-19 ) sáng 14/6 Thêm 1 ca mắc virus corona mới, tổng số 334 ca bệnh', 'tin-tuc-dich-benh-corona-covid-19-sang-146-them-1-ca-mac-virus-corona-moi-tong-so-334-ca-benh', '\r\nTin tức dịch bệnh corona ( Covid-19 ) sáng 14/6 gồm những nội dung chính sau: - Trung Quốc phong tỏa một phần Bắc Kinh vì phát hiện ổ dịch mới - Pháp lên kế hoạch mở cửa biên giới với các nước ngoài Schengen - WHO quan ngại về tình hình covid-19 tại nhiều nước - Bắc Kinh - điểm nóng mới về nguy cơ tái bùng phạt dịch covid-19 - Đại dịch covid-19 \"bóp nghẹt\" lái xe công nghệ ở Đông Nam Á - Thêm 1 ca mắc covid-19 mới\r\n\r\n', 'medias/contents/85071760_4314014725313621_5466580923480801280_n.jpg', '[]', '1', '', 'tranviethiepdz@gmail.com', '1592117719', null, null, null, null, '6', null);
INSERT INTO `tbl_content` VALUES ('33', '3', '1', '1', 'Tin tức dịch bệnh corona ( Covid-19 ) sáng 14/6 Thêm 1 ca mắc virus corona mới, tổng số 334 ca bệnh', 'tin-tuc-dich-benh-corona-covid-19-sang-146-them-1-ca-mac-virus-corona-moi-tong-so-334-ca-benh', '\r\nTin tức dịch bệnh corona ( Covid-19 ) sáng 14/6 gồm những nội dung chính sau: - Trung Quốc phong tỏa một phần Bắc Kinh vì phát hiện ổ dịch mới - Pháp lên kế hoạch mở cửa biên giới với các nước ngoài Schengen - WHO quan ngại về tình hình covid-19 tại nhiều nước - Bắc Kinh - điểm nóng mới về nguy cơ tái bùng phạt dịch covid-19 - Đại dịch covid-19 \"bóp nghẹt\" lái xe công nghệ ở Đông Nam Á - Thêm 1 ca mắc covid-19 mới\r\n\r\n', 'medias/contents/85071760_4314014725313621_5466580923480801280_n.jpg', '[]', '1', '', 'tranviethiepdz@gmail.com', '1592117719', null, null, null, null, '6', null);
INSERT INTO `tbl_content` VALUES ('34', '3', '1', '1', 'Tin tức dịch bệnh corona ( Covid-19 ) sáng 14/6 Thêm 1 ca mắc virus corona mới, tổng số 334 ca bệnh', 'tin-tuc-dich-benh-corona-covid-19-sang-146-them-1-ca-mac-virus-corona-moi-tong-so-334-ca-benh', '\r\nTin tức dịch bệnh corona ( Covid-19 ) sáng 14/6 gồm những nội dung chính sau: - Trung Quốc phong tỏa một phần Bắc Kinh vì phát hiện ổ dịch mới - Pháp lên kế hoạch mở cửa biên giới với các nước ngoài Schengen - WHO quan ngại về tình hình covid-19 tại nhiều nước - Bắc Kinh - điểm nóng mới về nguy cơ tái bùng phạt dịch covid-19 - Đại dịch covid-19 \"bóp nghẹt\" lái xe công nghệ ở Đông Nam Á - Thêm 1 ca mắc covid-19 mới\r\n\r\n', 'medias/contents/85071760_4314014725313621_5466580923480801280_n.jpg', '[]', '1', '', 'nxtuyen.pro@gmail.com', '1592117719', null, null, null, null, '2', null);
INSERT INTO `tbl_content` VALUES ('35', '3', '1', '1', 'Tin tức dịch bệnh corona ( Covid-19 ) sáng 14/6 Thêm 1 ca mắc virus corona mới, tổng số 334 ca bệnh', 'tin-tuc-dich-benh-corona-covid-19-sang-146-them-1-ca-mac-virus-corona-moi-tong-so-334-ca-benh', '\r\nTin tức dịch bệnh corona ( Covid-19 ) sáng 14/6 gồm những nội dung chính sau: - Trung Quốc phong tỏa một phần Bắc Kinh vì phát hiện ổ dịch mới - Pháp lên kế hoạch mở cửa biên giới với các nước ngoài Schengen - WHO quan ngại về tình hình covid-19 tại nhiều nước - Bắc Kinh - điểm nóng mới về nguy cơ tái bùng phạt dịch covid-19 - Đại dịch covid-19 \"bóp nghẹt\" lái xe công nghệ ở Đông Nam Á - Thêm 1 ca mắc covid-19 mới\r\n\r\n', 'medias/contents/85071760_4314014725313621_5466580923480801280_n.jpg', '[]', '1', '', 'nxtuyen.pro@gmail.com', '1592117719', null, null, null, null, '2', null);
INSERT INTO `tbl_content` VALUES ('36', '3', '1', '1', 'Tin tức dịch bệnh corona ( Covid-19 ) sáng 14/6 Thêm 1 ca mắc virus corona mới, tổng số 334 ca bệnh', 'tin-tuc-dich-benh-corona-covid-19-sang-146-them-1-ca-mac-virus-corona-moi-tong-so-334-ca-benh', '\r\nTin tức dịch bệnh corona ( Covid-19 ) sáng 14/6 gồm những nội dung chính sau: - Trung Quốc phong tỏa một phần Bắc Kinh vì phát hiện ổ dịch mới - Pháp lên kế hoạch mở cửa biên giới với các nước ngoài Schengen - WHO quan ngại về tình hình covid-19 tại nhiều nước - Bắc Kinh - điểm nóng mới về nguy cơ tái bùng phạt dịch covid-19 - Đại dịch covid-19 \"bóp nghẹt\" lái xe công nghệ ở Đông Nam Á - Thêm 1 ca mắc covid-19 mới\r\n\r\n', 'medias/contents/85071760_4314014725313621_5466580923480801280_n.jpg', '[]', '1', '', 'nxtuyen.pro@gmail.com', '1592117719', null, null, null, null, '2', null);
INSERT INTO `tbl_content` VALUES ('37', '3', '1', '1', 'Tin tức dịch bệnh corona ( Covid-19 ) sáng 14/6 Thêm 1 ca mắc virus corona mới, tổng số 334 ca bệnh', 'tin-tuc-dich-benh-corona-covid-19-sang-146-them-1-ca-mac-virus-corona-moi-tong-so-334-ca-benh', '\r\nTin tức dịch bệnh corona ( Covid-19 ) sáng 14/6 gồm những nội dung chính sau: - Trung Quốc phong tỏa một phần Bắc Kinh vì phát hiện ổ dịch mới - Pháp lên kế hoạch mở cửa biên giới với các nước ngoài Schengen - WHO quan ngại về tình hình covid-19 tại nhiều nước - Bắc Kinh - điểm nóng mới về nguy cơ tái bùng phạt dịch covid-19 - Đại dịch covid-19 \"bóp nghẹt\" lái xe công nghệ ở Đông Nam Á - Thêm 1 ca mắc covid-19 mới\r\n\r\n', 'medias/contents/85071760_4314014725313621_5466580923480801280_n.jpg', '[]', '1', '', 'nxtuyen.pro@gmail.com', '1592117719', null, null, null, null, '2', null);
INSERT INTO `tbl_content` VALUES ('38', '3', '1', '1', 'Tin tức dịch bệnh corona ( Covid-19 ) sáng 14/6 Thêm 1 ca mắc virus corona mới, tổng số 334 ca bệnh', 'tin-tuc-dich-benh-corona-covid-19-sang-146-them-1-ca-mac-virus-corona-moi-tong-so-334-ca-benh', '\r\nTin tức dịch bệnh corona ( Covid-19 ) sáng 14/6 gồm những nội dung chính sau: - Trung Quốc phong tỏa một phần Bắc Kinh vì phát hiện ổ dịch mới - Pháp lên kế hoạch mở cửa biên giới với các nước ngoài Schengen - WHO quan ngại về tình hình covid-19 tại nhiều nước - Bắc Kinh - điểm nóng mới về nguy cơ tái bùng phạt dịch covid-19 - Đại dịch covid-19 \"bóp nghẹt\" lái xe công nghệ ở Đông Nam Á - Thêm 1 ca mắc covid-19 mới\r\n\r\n', 'medias/contents/85071760_4314014725313621_5466580923480801280_n.jpg', '[]', '1', '', 'nxtuyen.pro@gmail.com', '1592117719', null, null, null, null, '2', null);
INSERT INTO `tbl_content` VALUES ('39', '2', '2', '1', 'Thời điểm tốt giúp Việt Nam có cơ hội hóa rồng', 'thoi-diem-tot-giup-viet-nam-co-co-hoi-hoa-rong', '<p><font color=\"#333333\" face=\"Noto Serif, serif\"><span style=\"font-size: 17.6px;\">Chúng ta đã biến nguy thành cơ, cải thiện uy tín của Việt Nam trên trường quốc tế, biến Việt Nam thành điểm đến hấp dẫn của thị trường đầu tư\", đại biểu Hoàng Văn Cường đánh giá.</span></font><br></p>', 'medias/contents/85071760_4314014725313621_5466580923480801280_n.jpg', '[]', '1', '', 'nxtuyen.pro@gmail.com', '1592209141', '1592216007', null, null, null, '5', null);
INSERT INTO `tbl_content` VALUES ('40', '4', '4', '1', 'Chào Buổi Sáng | Tin tức 24h mới nhất hôm nay 16/6/2020 | chuyển động 24h | Tin tức | TT24h', 'chao-buoi-sang-tin-tuc-24h-moi-nhat-hom-nay-1662020-chuyen-dong-24h-tin-tuc-tt24h', '', 'medias/contents/85071760_4314014725313621_5466580923480801280_n.jpg', '[]', '1', '', 'tranviethiepdz@gmail.com', '1592280255', null, null, null, null, '0', null);
INSERT INTO `tbl_content` VALUES ('41', '4', '4', '1', 'Chào Buổi Sáng | Tin tức 24h mới nhất hôm nay 16/6/2020 | chuyển động 24h | Tin tức | TT24h', 'chao-buoi-sang-tin-tuc-24h-moi-nhat-hom-nay-1662020-chuyen-dong-24h-tin-tuc-tt24h', '', 'medias/contents/85071760_4314014725313621_5466580923480801280_n.jpg', '[]', '1', '', 'tranviethiepdz@gmail.com', '1592280274', null, null, null, null, '0', null);
INSERT INTO `tbl_content` VALUES ('42', '4', '4', '1', 'Chào Buổi Sáng | Tin tức 24h mới nhất hôm nay 16/6/2020 | chuyển động 24h | Tin tức | TT24h', 'chao-buoi-sang-tin-tuc-24h-moi-nhat-hom-nay-1662020-chuyen-dong-24h-tin-tuc-tt24h', '', 'medias/contents/85071760_4314014725313621_5466580923480801280_n.jpg', '[]', '1', '', 'tranviethiepdz@gmail.com', '1592280328', null, null, null, null, '0', null);
INSERT INTO `tbl_content` VALUES ('43', '4', '4', '1', 'Tin tức dịch Covid-19 mới nhất ngày 16 tháng 6,2020 | Tổng hợp tin virus Corona hôm nay | FBNC', 'tin-tuc-dich-covid-19-moi-nhat-ngay-16-thang-62020-tong-hop-tin-virus-corona-hom-nay-fbnc', '<p><span style=\"color: rgb(3, 3, 3); font-family: Roboto, Arial, sans-serif; white-space: pre-wrap; background-color: rgb(249, 249, 249);\">FBNC (Financial Business News Channel) là kênh truyền hình của HTVC  dành cho giới kinh doanh, thông tin chuyên sâu về  kinh tế Việt Nam, bất động sản,  tài chính ngân hàng,  chứng khoán và cổ phiếu, giá vàng và khởi nghiệp,… Nếu bạn đã, đang và sẽ định giá doanh nghiệp. Hãy đồng hành cùng FBNC TV!</span><br></p>', 'medias/contents/85071760_4314014725313621_5466580923480801280_n.jpg', '[]', '1', '', 'tranviethiepdz@gmail.com', '1592280404', '1592298519', null, null, null, '0', null);
INSERT INTO `tbl_content` VALUES ('44', '4', '4', '1', 'Tin tức dịch Covid-19 mới nhất ngày 16 tháng 6,2020 | Tổng hợp tin virus Corona hôm nay | FBNC', 'tin-tuc-dich-covid-19-moi-nhat-ngay-16-thang-62020-tong-hop-tin-virus-corona-hom-nay-fbnc', '<p><span style=\"color: rgb(3, 3, 3); font-family: Roboto, Arial, sans-serif; white-space: pre-wrap; background-color: rgb(249, 249, 249);\">FBNC (Financial Business News Channel) là kênh truyền hình của HTVC  dành cho giới kinh doanh, thông tin chuyên sâu về  kinh tế Việt Nam, bất động sản,  tài chính ngân hàng,  chứng khoán và cổ phiếu, giá vàng và khởi nghiệp,… Nếu bạn đã, đang và sẽ định giá doanh nghiệp. Hãy đồng hành cùng FBNC TV!</span><br></p>', 'medias/contents/85071760_4314014725313621_5466580923480801280_n.jpg', '[]', '3', '', 'tranviethiepdz@gmail.com', '1592280470', '1592294848', null, null, null, '0', null);

-- ----------------------------
-- Table structure for tbl_content_type
-- ----------------------------
DROP TABLE IF EXISTS `tbl_content_type`;
CREATE TABLE `tbl_content_type` (
  `id` int(11) NOT NULL AUTO_INCREMENT,
  `title` varchar(255) DEFAULT NULL,
  `intro` text CHARACTER SET utf8 COLLATE utf8_unicode_ci,
  `order` tinyint(2) DEFAULT '0',
  `isactive` tinyint(4) DEFAULT '1',
  PRIMARY KEY (`id`)
) ENGINE=InnoDB AUTO_INCREMENT=6 DEFAULT CHARSET=utf8;

-- ----------------------------
-- Records of tbl_content_type
-- ----------------------------
INSERT INTO `tbl_content_type` VALUES ('3', 'Emagazine', '', '1', '1');
INSERT INTO `tbl_content_type` VALUES ('4', 'Longform', '', '0', '1');
INSERT INTO `tbl_content_type` VALUES ('5', 'Photographic', '', '0', '1');

-- ----------------------------
-- Table structure for tbl_events
-- ----------------------------
DROP TABLE IF EXISTS `tbl_events`;
CREATE TABLE `tbl_events` (
  `id` int(11) NOT NULL AUTO_INCREMENT,
  `title` varchar(255) DEFAULT NULL,
  `code` varchar(255) DEFAULT NULL,
  `cate_id` int(11) DEFAULT NULL,
  `intro` text CHARACTER SET utf8 COLLATE utf8_unicode_ci,
  `image` varchar(255) DEFAULT NULL,
  `meta_title` varchar(255) DEFAULT NULL,
  `meta_desc` text,
  `ishot` tinyint(1) DEFAULT '0',
  `isactive` tinyint(4) DEFAULT '1',
  PRIMARY KEY (`id`)
) ENGINE=InnoDB AUTO_INCREMENT=6 DEFAULT CHARSET=utf8;

-- ----------------------------
-- Records of tbl_events
-- ----------------------------
INSERT INTO `tbl_events` VALUES ('2', 'Sự kiện 2', 'su-kien-2', '2', 'Sự kiện 2', 'medias/events/20190405_133756_917721_virus.max-800x800.jpg', 'Sự kiện 2', 'Sự kiện 2', '1', '1');
INSERT INTO `tbl_events` VALUES ('3', 'Sự kiện 3', 'su-kien-3', '3', 'Sự kiện 3', 'medias/events/20190405_133756_917721_virus_roa.max-800x800', 'Sự kiện 3', 'Sự kiện 3', '0', '1');
INSERT INTO `tbl_events` VALUES ('5', 'Sự kiện 5', 'su-kien-5', '5', 'Sự kiện 5', 'medias/events/anh-ly-cafe-buoi-sang_110730596.jpg', 'Sự kiện 5', 'Sự kiện 5', '0', '1');

-- ----------------------------
-- Table structure for tbl_sites
-- ----------------------------
DROP TABLE IF EXISTS `tbl_sites`;
CREATE TABLE `tbl_sites` (
  `id` int(11) NOT NULL AUTO_INCREMENT,
  `par_id` int(11) DEFAULT NULL,
  `path` varchar(255) COLLATE utf8_unicode_ci DEFAULT NULL,
  `key` varchar(255) COLLATE utf8_unicode_ci DEFAULT NULL,
  `title` varchar(255) COLLATE utf8_unicode_ci NOT NULL,
  `domain` varchar(255) COLLATE utf8_unicode_ci DEFAULT '',
  `phone` varchar(50) COLLATE utf8_unicode_ci DEFAULT NULL,
  `email` varchar(50) COLLATE utf8_unicode_ci DEFAULT NULL,
  `image` varchar(255) COLLATE utf8_unicode_ci NOT NULL,
  `logo` varchar(255) COLLATE utf8_unicode_ci DEFAULT NULL,
  `meta_title` varchar(255) COLLATE utf8_unicode_ci NOT NULL,
  `meta_descript` varchar(500) COLLATE utf8_unicode_ci DEFAULT NULL,
  `address` varchar(255) COLLATE utf8_unicode_ci DEFAULT NULL,
  `contact` text COLLATE utf8_unicode_ci NOT NULL,
  `footer` text COLLATE utf8_unicode_ci NOT NULL,
  `skype` varchar(255) COLLATE utf8_unicode_ci NOT NULL,
  `facebook` varchar(255) COLLATE utf8_unicode_ci NOT NULL,
  `youtube` varchar(255) COLLATE utf8_unicode_ci NOT NULL,
  `cdate` int(11) DEFAULT NULL,
  `active_date` int(11) DEFAULT NULL,
  `status` tinyint(4) DEFAULT '0',
  `is_trash` tinyint(4) DEFAULT '0',
  `isactive` tinyint(4) DEFAULT '1',
  PRIMARY KEY (`id`)
) ENGINE=InnoDB AUTO_INCREMENT=7 DEFAULT CHARSET=utf8 COLLATE=utf8_unicode_ci;

-- ----------------------------
-- Records of tbl_sites
-- ----------------------------
INSERT INTO `tbl_sites` VALUES ('1', '0', '1', '940af854a71cb49739a9353bd412086c', 'Ecohub1', 'ecohub.asia', '0912334486', 'quoctrungbk@gmail.com', 'medias/sites/ctv_guide_web_banner.jpg', null, 'Ecohub - Phần mềm họp trực tuyến', 'Ecohub - Phần mềm họp trực tuyến', '', '&lt;h3 style=\'font-family: -apple-system, BlinkMacSystemFont, &quot;Segoe UI&quot;, Roboto, &quot;Helvetica Neue&quot;, Arial, sans-serif, &quot;Apple Color Emoji&quot;, &quot;Segoe UI Emoji&quot;, &quot;Segoe UI Symbol&quot;; font-weight: 700; font-size: 15px; text-transform: uppercase; text-align: center; color: rgb(44, 83, 158) !important;\'&gt;L&Yacute; DO RA ĐỜI V&Agrave; MỤC TI&Ecirc;U HƯỚNG TỚI CỦA CLASSHUB L&Agrave; G&Igrave;?&lt;/h3&gt; &lt;div class=&quot;desc&quot; style=\'color: rgb(33, 37, 41); font-family: -apple-system, BlinkMacSystemFont, &quot;Segoe UI&quot;, Roboto, &quot;Helvetica Neue&quot;, Arial, sans-serif, &quot;Apple Color Emoji&quot;, &quot;Segoe UI Emoji&quot;, &quot;Segoe UI Symbol&quot;; font-size: 16px;\'&gt;Cho d&ugrave; bạn đang sở hữu Doanh nghiệp gi&aacute;o dục ở bất cứ m&ocirc; h&igrave;nh n&agrave;o, CLASSHUB sẽ lu&ocirc;n l&agrave;m bạn h&agrave;i l&ograve;ng với những t&iacute;nh năng Ưu việt, vượt trội, xứng đ&aacute;ng l&agrave; Phần mềm số 1 tại Việt Nam!&lt;/div&gt;', '', '', '', '', '1594183683', null, '1', '0', '1');
INSERT INTO `tbl_sites` VALUES ('2', '0', '2', 'b43093393b8839fa8d5a3dbdb402e62f', 'Ecohub2', 'ecohub2.asia', '0912334486', 'quoctrungbk@gmail.com', 'medias/sites/ctv_guide_web_banner_inx.jpg', null, 'Ecohub - Phần mềm họp trực tuyến', 'Ecohub - Phần mềm họp trực tuyến', '', '&lt;h3 style=\'font-family: -apple-system, BlinkMacSystemFont, &quot;Segoe UI&quot;, Roboto, &quot;Helvetica Neue&quot;, Arial, sans-serif, &quot;Apple Color Emoji&quot;, &quot;Segoe UI Emoji&quot;, &quot;Segoe UI Symbol&quot;; font-weight: 700; font-size: 15px; text-transform: uppercase; text-align: center; color: rgb(44, 83, 158) !important;\'&gt;L&Yacute; DO RA ĐỜI V&Agrave; MỤC TI&Ecirc;U HƯỚNG TỚI CỦA CLASSHUB L&Agrave; G&Igrave;?&lt;/h3&gt; &lt;div class=&quot;desc&quot; style=\'color: rgb(33, 37, 41); font-family: -apple-system, BlinkMacSystemFont, &quot;Segoe UI&quot;, Roboto, &quot;Helvetica Neue&quot;, Arial, sans-serif, &quot;Apple Color Emoji&quot;, &quot;Segoe UI Emoji&quot;, &quot;Segoe UI Symbol&quot;; font-size: 16px;\'&gt;Cho d&ugrave; bạn đang sở hữu Doanh nghiệp gi&aacute;o dục ở bất cứ m&ocirc; h&igrave;nh n&agrave;o, CLASSHUB sẽ lu&ocirc;n l&agrave;m bạn h&agrave;i l&ograve;ng với những t&iacute;nh năng Ưu việt, vượt trội, xứng đ&aacute;ng l&agrave; Phần mềm số 1 tại Việt Nam!&lt;/div&gt;', '', '', '', '', '1594183710', null, '3', '1', '1');
INSERT INTO `tbl_sites` VALUES ('3', '1', '1_3', 'e53580ceac2ada89192fc1cacaf155a0', 'Ecohub3', 'ecohub3.asia', '0912334486', 'quoctrungbk@gmail.com', 'medias/sites/ctv_guide_web_banner_icj.jpg', null, 'Ecohub - Phần mềm họp trực tuyến', 'Ecohub - Phần mềm họp trực tuyến', '', '&lt;h3 style=\'font-family: -apple-system, BlinkMacSystemFont, &quot;Segoe UI&quot;, Roboto, &quot;Helvetica Neue&quot;, Arial, sans-serif, &quot;Apple Color Emoji&quot;, &quot;Segoe UI Emoji&quot;, &quot;Segoe UI Symbol&quot;; font-weight: 700; font-size: 15px; text-transform: uppercase; text-align: center; color: rgb(44, 83, 158) !important;\'&gt;L&Yacute; DO RA ĐỜI V&Agrave; MỤC TI&Ecirc;U HƯỚNG TỚI CỦA CLASSHUB L&Agrave; G&Igrave;?&lt;/h3&gt; &lt;div class=&quot;desc&quot; style=\'color: rgb(33, 37, 41); font-family: -apple-system, BlinkMacSystemFont, &quot;Segoe UI&quot;, Roboto, &quot;Helvetica Neue&quot;, Arial, sans-serif, &quot;Apple Color Emoji&quot;, &quot;Segoe UI Emoji&quot;, &quot;Segoe UI Symbol&quot;; font-size: 16px;\'&gt;Cho d&ugrave; bạn đang sở hữu Doanh nghiệp gi&aacute;o dục ở bất cứ m&ocirc; h&igrave;nh n&agrave;o, CLASSHUB sẽ lu&ocirc;n l&agrave;m bạn h&agrave;i l&ograve;ng với những t&iacute;nh năng Ưu việt, vượt trội, xứng đ&aacute;ng l&agrave; Phần mềm số 1 tại Việt Nam!&lt;/div&gt;', '', '', '', '', '1594183731', '1595497812', '2', '0', '1');
INSERT INTO `tbl_sites` VALUES ('4', '3', '1_3_4', '105c965ea6de045d6be669cf58dbc682', 'Ecohub 4', 'ecohub4.asia', '09695499991', 'tranviethiepdz@gmail.com', '', null, '', '', '', '', '', '', '', '', '1595358631', null, '1', '0', '1');
INSERT INTO `tbl_sites` VALUES ('5', '3', '1_3_5', '923f041602f27a7dc0e0ceadd66cd964', 'Ecohub 5', 'ecohub5.asia', '09695499991', 'tranviethiepdz@gmail.com', '', null, '', '', '', '', '', '', '', '', '1595358670', null, '1', '0', '1');
INSERT INTO `tbl_sites` VALUES ('6', '1', '1_6', '8a7aca19b6ae1f0f6cee22a621621c1b', 'Ecohub 8', 'ecohub8.asia', '096.954.9903', 'tranviethiepdz@gmail.com', 'medias/vods/videos/anh-ly-cafe-buoi-sang_110730596.jpg', null, '', '', 'Thường Tín - Hà Nội', '', '', '', '', '', '1595483024', null, '1', '0', '1');

-- ----------------------------
-- Table structure for tbl_users
-- ----------------------------
DROP TABLE IF EXISTS `tbl_users`;
CREATE TABLE `tbl_users` (
  `username` varchar(50) NOT NULL,
  `password` varchar(300) DEFAULT NULL,
  `fullname` varchar(50) DEFAULT NULL,
  `phone` varchar(11) DEFAULT NULL,
  `email` varchar(50) DEFAULT NULL,
  `group` varchar(20) CHARACTER SET utf8 COLLATE utf8_unicode_ci DEFAULT '',
  `site_id` varchar(255) DEFAULT '',
  `gsecret` varchar(50) DEFAULT NULL,
  `isfa2` tinyint(4) DEFAULT '0',
  `isadmin` tinyint(4) DEFAULT '0',
  `pseudonym` varchar(255) CHARACTER SET utf8 COLLATE utf8_unicode_ci DEFAULT '',
  `permission` varchar(255) CHARACTER SET utf8 COLLATE utf8_unicode_ci DEFAULT '',
  `cdate` int(11) DEFAULT NULL,
  `is_trash` tinyint(4) DEFAULT '0',
  `isactive` tinyint(4) DEFAULT '1',
  PRIMARY KEY (`username`)
) ENGINE=InnoDB DEFAULT CHARSET=utf8;

-- ----------------------------
-- Records of tbl_users
-- ----------------------------
INSERT INTO `tbl_users` VALUES ('nxtuyen.pro@gmail.com', 'a25342213446980b5f750b37daed053ce347ec766265b78aa81d90c8217e5e39|cdf4a007e2b02a0c49fc9b7ccfbb8a10c644f635e1765dcf2a7ab794ddc7edac', 'Nguyễn Xuân Tuyền', '0936831277', 'nxtuyen.pro@gmail.com', '1', null, null, '1', '1', null, null, '1586660652', '0', '1');
INSERT INTO `tbl_users` VALUES ('tranhiep', 'e893052033c1d7a9d91f8e998cbc0c73b83c2672a43de311d31d1a680825ce82|cdf4a007e2b02a0c49fc9b7ccfbb8a10c644f635e1765dcf2a7ab794ddc7edac', 'Trần Hiệp', '09695499991', 'tranviethiepdz@gmail.com', '1', '', null, '0', '0', '', '', '1596515067', '0', '1');
INSERT INTO `tbl_users` VALUES ('tranviethiepdz@gmail.com', 'd93fc24a5f68f2d6621e2d3aff26b5600f38f1b6876ff04f0070b38a54b2d2f8|cdf4a007e2b02a0c49fc9b7ccfbb8a10c644f635e1765dcf2a7ab794ddc7edac', 'Trần Hiệp', '096.954.990', 'tranviethiepdz@gmail.com', '2', null, null, '0', '1', null, null, '1591860947', '0', '1');

-- ----------------------------
-- Table structure for tbl_user_login
-- ----------------------------
DROP TABLE IF EXISTS `tbl_user_login`;
CREATE TABLE `tbl_user_login` (
  `id` int(11) NOT NULL AUTO_INCREMENT,
  `username` varchar(50) COLLATE utf8_unicode_ci DEFAULT NULL,
  `session` varchar(50) COLLATE utf8_unicode_ci DEFAULT NULL,
  `cdate` int(11) DEFAULT NULL,
  `isactive` tinyint(4) DEFAULT '1',
  PRIMARY KEY (`id`),
  KEY `idx` (`isactive`,`username`)
) ENGINE=InnoDB AUTO_INCREMENT=57 DEFAULT CHARSET=utf8 COLLATE=utf8_unicode_ci;

-- ----------------------------
-- Records of tbl_user_login
-- ----------------------------
INSERT INTO `tbl_user_login` VALUES ('46', 'tranviethiepdz@gmail.com', '1596183959', '1596183959', '0');
INSERT INTO `tbl_user_login` VALUES ('47', 'tranviethiepdz@gmail.com', '1596188012', '1596188012', '0');
INSERT INTO `tbl_user_login` VALUES ('48', 'tranviethiepdz@gmail.com', '1596205554', '1596205554', '0');
INSERT INTO `tbl_user_login` VALUES ('49', 'tranviethiepdz@gmail.com', '1596354631', '1596354631', '0');
INSERT INTO `tbl_user_login` VALUES ('50', 'tranviethiepdz@gmail.com', '1596366331', '1596366331', '0');
INSERT INTO `tbl_user_login` VALUES ('51', 'tranviethiepdz@gmail.com', '1596393366', '1596393366', '0');
INSERT INTO `tbl_user_login` VALUES ('52', 'tranviethiepdz@gmail.com', '1596417272', '1596417272', '0');
INSERT INTO `tbl_user_login` VALUES ('53', 'tranviethiepdz@gmail.com', '1596453976', '1596453976', '0');
INSERT INTO `tbl_user_login` VALUES ('54', 'tranviethiepdz@gmail.com', '1596474797', '1596474797', '0');
INSERT INTO `tbl_user_login` VALUES ('55', 'tranviethiepdz@gmail.com', '1596506960', '1596506960', '0');
INSERT INTO `tbl_user_login` VALUES ('56', 'tranviethiepdz@gmail.com', '1596514157', '1596514157', '1');
